name,H.period,H.t,UD.period.t,H.i,UD.t.i,H.e,UD.i.e,H.five,UD.e.five,H.Shift.r,UD.five.Shift.r,H.o,UD.Shift.r.o,H.a,UD.o.a,H.n,UD.a.n,H.l,UD.n.l,H.Return,UD.l.Return
tomek,0.11100000000442378,0.10300000000279397,0.04999999998835847,0.08499999999185093,0.04000000000814907,0.055000000007566996,0.0,0.05499999999301508,0.13700000000244472,0.11899999999150168,0.3150000000023283,0.08799999998882413,0.022000000011757948,0.09500000000116415,0.10400000000663567,0.07200000000011642,0.02899999999499414,0.08800000000337604,0.15700000000651926,0.07900000001245644,0.18599999998696148
tomek,0.11099999998987187,0.07899999999790452,0.1840000000083819,0.07799999999406282,0.03900000000430737,0.069999999992433,-0.02399999999033753,0.08699999999953434,0.16800000000512227,0.08000000000174623,0.28199999999196734,0.062000000005355105,0.0,0.08800000000337604,0.10599999999976717,0.0639999999984866,0.02599999999802094,0.04700000000593718,0.15699999999196734,0.06300000000919681,0.547999999995227
tomek,0.10300000000279397,0.08800000000337604,0.09699999999429565,0.07099999999627471,0.029999999998835847,0.04800000000977889,0.027000000001862645,0.08800000000337604,0.3229999999894062,0.10000000000582077,0.27899999999499414,0.08699999999953434,0.1929999999993015,0.09599999999045394,0.10800000000745058,0.07099999999627471,0.055000000007566996,0.10299999998824205,0.16800000000512227,0.07100000001082662,0.13300000000162981
tomek,0.11199999999371357,0.08699999999953434,0.14600000000791624,0.07200000000011642,0.03199999999196734,0.07099999999627471,0.05000000000291038,0.08699999999953434,0.19200000001001172,0.09999999999126885,0.27000000000407454,0.09499999998661224,0.09300000000803266,0.09600000000500586,0.0590000000083819,0.07099999999627471,0.07799999999406282,0.10299999998824205,0.1770000000105938,0.07899999999790452,0.1220000000030268
tomek,0.1270000000076834,0.11099999998987187,0.05000000000291038,0.07899999999790452,0.01600000000325963,0.125,0.28800000000046566,0.11999999999534339,0.2960000000020955,0.10299999998824205,0.7450000000098953,0.11999999999534339,0.13600000001315493,0.10399999999208376,0.05400000000372529,0.07900000001245644,0.05199999999604188,0.10400000000663567,0.14899999999033753,0.07099999999627471,0.14999999999417923
tomek,0.11899999999150168,0.10300000000279397,0.04499999999825377,0.07100000001082662,0.043999999994412065,0.03900000000430737,0.0729999999894062,0.11200000000826549,0.3889999999955762,0.11000000000058208,0.28800000000046566,0.09500000000116415,0.1319999999977881,0.11199999999371357,0.07300000000395812,0.05499999999301508,0.043000000005122274,0.11100000000442378,0.21199999999953434,0.08800000000337604,0.08199999999487773
tomek,0.07099999999627471,0.08599999999569263,0.21000000000640284,0.07899999999790452,-0.029999999998835847,0.07900000001245644,0.059999999997671694,0.09500000000116415,0.1869999999908032,0.04799999999522697,0.23099999999976717,0.08699999999953434,0.07700000000477303,0.07100000001082662,0.03299999999580905,0.07900000001245644,0.02399999999033753,0.07099999999627471,0.10099999999511056,0.08000000000174623,0.22500000000582077
tomek,0.11200000000826549,0.09399999999732245,0.09599999999045394,0.07000000000698492,-0.029999999998835847,0.08699999999953434,0.11299999999755528,0.07100000001082662,0.1879999999946449,0.11000000000058208,0.3260000000009313,0.09500000000116415,0.03299999999580905,0.09499999998661224,0.020000000004074536,0.0639999999984866,0.017000000007101335,0.07200000000011642,0.10400000000663567,0.08699999999953434,0.1319999999977881
tomek,0.11100000000442378,0.08699999999953434,0.11599999999452848,0.08699999999953434,0.3720000000030268,0.06900000000314321,0.0,0.05499999999301508,0.13300000000162981,0.14200000000710133,0.39900000000488944,0.0629999999946449,0.0,0.09500000000116415,0.05700000000069849,0.07100000001082662,0.02399999999033753,0.07899999999790452,0.10899999999674037,0.07100000001082662,0.1239999999961583
tomek,0.08599999999569263,0.10300000000279397,0.07899999999790452,0.0639999999984866,0.0,0.11099999998987187,0.0580000000045402,0.1200000000098953,0.22400000000197906,0.13999999999941792,0.28399999999965075,0.13599999999860302,0.16700000000128057,0.09600000000500586,0.11499999999068677,0.05499999999301508,0.0,0.09600000000500586,0.20200000000477303,0.07099999999627471,0.15399999999499414
tomek,0.10300000000279397,0.09600000000500586,0.043999999994412065,0.08400000000256114,0.02699999998731073,0.10300000000279397,0.0010000000038417056,0.04700000000593718,0.20299999999406282,0.08599999999569263,0.34200000000419095,0.08699999999953434,0.10700000000360887,0.08799999998882413,0.06799999999930151,0.07099999999627471,0.017000000007101335,0.08699999999953434,0.1290000000008149,0.08699999999953434,0.11299999999755528
tomek,0.15999999998894054,0.10300000000279397,0.1290000000008149,0.10300000000279397,0.020000000004074536,0.05499999999301508,0.23099999999976717,0.11199999999371357,0.4860000000044238,0.09200000000419095,0.46300000000337604,0.11199999999371357,0.2430000000022119,0.10400000000663567,0.08599999999569263,0.10400000000663567,0.11599999999452848,0.09600000000500586,0.15499999999883585,0.07099999999627471,0.22299999999813735
tomek,0.1200000000098953,0.11200000000826549,0.034999999988940544,0.08500000000640284,0.043999999994412065,0.09500000000116415,0.0009999999892897904,0.09500000000116415,0.19100000000617,0.1269999999931315,0.3040000000037253,0.08799999998882413,0.04000000000814907,0.12099999999918509,0.0639999999984866,0.07900000001245644,0.0,0.07899999999790452,0.1299999999901047,0.08699999999953434,0.12800000001152512
tomek,0.11100000000442378,0.09500000000116415,0.05899999999382999,0.10300000000279397,0.21199999999953434,0.1190000000060536,0.033999999999650754,0.11100000000442378,0.15299999999115244,0.13999999999941792,0.20900000000256114,0.09500000000116415,0.21199999999953434,0.09500000000116415,0.17100000000209548,0.09500000000116415,0.10599999999976717,0.08800000000337604,0.14699999999720603,0.07899999999790452,0.16399999998975545
tomek,0.1190000000060536,0.11200000000826549,0.046999999991385266,0.07099999999627471,0.01900000000023283,0.08800000000337604,0.07399999999324791,0.07899999999790452,0.27000000000407454,0.13999999999941792,0.34200000000419095,0.09500000000116415,0.15499999999883585,0.08800000000337604,0.021999999997206032,0.046999999991385266,0.052999999999883585,0.10299999998824205,0.21500000001105946,0.08800000000337604,0.14100000000325963
tomek,0.10299999998824205,0.07899999999790452,0.09800000001268927,0.07099999999627471,0.017999999996391125,0.1190000000060536,0.059999999997671694,0.1269999999931315,0.15200000000186265,0.1190000000060536,0.21300000000337604,0.11699999999837019,0.03899999998975545,0.10300000000279397,0.0,0.07099999999627471,0.017000000007101335,0.08699999999953434,0.11699999999837019,0.07200000000011642,0.17399999999906868
tomek,0.08699999999953434,0.08800000000337604,0.055999999996856786,0.10300000000279397,0.07899999999790452,0.15200000000186265,0.2699999999895226,0.10300000000279397,0.16300000000046566,0.11799999998765998,0.2480000000068685,0.11099999998987187,0.09000000001105946,0.09699999999429565,0.02800000000570435,0.07100000001082662,0.0,0.08000000000174623,0.12199999998847488,0.07899999999790452,0.12400000001071021
tomek,0.09599999999045394,0.10300000000279397,0.036000000007334165,0.03899999998975545,0.029999999998835847,0.10300000000279397,0.21500000001105946,0.10400000000663567,0.41299999998591375,0.1269999999931315,0.1820000000006985,0.09600000000500586,0.014999999999417923,0.1279999999969732,0.027000000001862645,0.0629999999946449,0.017000000007101335,0.08699999999953434,0.14200000000710133,0.07899999999790452,0.1319999999977881
tomek,0.03899999998975545,0.11899999999150168,0.1200000000098953,0.10399999999208376,0.09700000000884756,0.11899999999150168,0.02500000000873115,0.11200000000826549,0.16199999999662396,0.11799999998765998,0.28100000000267755,0.09599999999045394,0.1200000000098953,0.10300000000279397,0.07400000000779983,0.0629999999946449,0.04899999999906868,0.09600000000500586,0.15099999999802094,0.07899999999790452,0.16000000000349246
tomek,0.08800000000337604,0.10399999999208376,0.04799999999522697,0.0629999999946449,0.07000000000698492,0.1269999999931315,0.07100000001082662,0.11199999999371357,0.19900000000779983,0.1190000000060536,0.3059999999968568,0.10300000000279397,0.08199999999487773,0.08000000000174623,0.0580000000045402,0.07200000000011642,0.03899999998975545,0.08699999999953434,0.15400000000954606,0.07200000000011642,0.1369999999878928
kuba-s,0.07099999999627471,0.09500000000116415,0.19700000000011642,0.046999999991385266,0.11200000000826549,0.08699999999953434,0.13800000000628643,0.07899999999790452,0.3289999999979045,0.1260000000038417,0.35199999999895226,0.07099999999627471,0.04899999999906868,0.10000000000582077,0.0,0.04700000000593718,0.03899999998975545,0.08800000000337604,0.13899999999557622,0.07099999999627471,0.35599999999976717
kuba-s,0.06300000000919681,0.07899999999790452,0.05000000000291038,0.06300000000919681,0.08499999999185093,0.0610000000015134,0.0,0.07099999999627471,0.3209999999962747,0.11100000000442378,0.22800000000279397,0.0629999999946449,0.04899999999906868,0.04800000000977889,0.07899999999790452,0.055999999996856786,0.125,0.07099999999627471,0.2669999999925494,0.07200000000011642,0.14100000000325963
kuba-s,0.07200000000011642,0.08800000000337604,0.05199999999604188,0.06900000000314321,0.07200000000011642,0.07099999999627471,0.0,0.14400000000023283,0.5190000000002328,0.10300000000279397,0.2960000000020955,0.07499999999708962,0.046000000002095476,0.08699999999953434,0.0,0.031000000002677552,0.07499999999708962,0.07100000001082662,0.13899999999557622,0.08000000000174623,0.16499999999359716
kuba-s,0.07899999999790452,0.09500000000116415,0.04200000000128057,0.0639999999984866,0.08600000001024455,0.07200000000011642,0.02899999999499414,0.09600000000500586,0.28299999999580905,0.1270000000076834,0.18399999999383,0.07099999999627471,0.03800000000046566,0.08799999998882413,0.020000000004074536,0.04799999999522697,0.03700000001117587,0.07099999999627471,0.14100000000325963,0.08000000000174623,0.1319999999977881
kuba-s,0.07899999999790452,0.07899999999790452,0.04099999999743886,0.08500000000640284,0.07600000000093132,0.07899999999790452,0.0,0.10400000000663567,0.4379999999946449,0.1160000000090804,0.34599999999045394,0.07799999999406282,0.07600000000093132,0.07600000000093132,0.0,0.055999999996856786,0.07300000000395812,0.13500000000931323,0.46799999999348074,0.11199999999371357,0.2430000000022119
kuba-s,0.07200000000011642,0.09500000000116415,0.062000000005355105,0.07900000001245644,0.05899999999382999,0.07799999999406282,0.0,0.10399999999208376,0.20500000000174623,0.11500000000523869,0.21199999999953434,0.08000000000174623,0.07799999999406282,0.10300000000279397,0.04000000000814907,0.0629999999946449,0.01900000000023283,0.07099999999627471,0.11800000000221189,0.07899999999790452,0.14299999999639113
kuba-s,0.07200000000011642,0.08699999999953434,0.05099999999220017,0.07100000001082662,0.08400000000256114,0.09600000000500586,0.020999999993364327,0.11099999998987187,0.1929999999993015,0.10300000000279397,0.2400000000052387,0.07899999999790452,0.069999999992433,0.08700000001408625,0.052999999999883585,0.05499999999301508,0.055999999996856786,0.07099999999627471,0.1300000000046566,0.07899999999790452,0.16999999999825377
kuba-s,0.08500000000640284,0.08800000000337604,0.0,0.07099999999627471,0.08400000000256114,0.08699999999953434,0.03199999999196734,0.08800000000337604,0.3870000000024447,0.1239999999961583,0.47500000000582077,0.07899999999790452,0.08699999999953434,0.08400000000256114,0.0,0.1909999999916181,0.34500000000116415,0.07899999999790452,0.14800000000104774,0.08800000000337604,0.17500000000291038
kuba-s,0.0629999999946449,0.08800000000337604,0.036000000007334165,0.0629999999946449,0.08000000000174623,0.07200000000011642,0.024999999994179234,0.11100000000442378,0.14600000000791624,0.10199999999895226,0.19999999999708962,0.07799999999406282,0.04899999999906868,0.09200000000419095,0.0,0.06300000000919681,0.07099999999627471,0.08000000000174623,0.11499999999068677,0.07900000001245644,0.1239999999961583
kuba-s,0.07899999999790452,0.0629999999946449,0.03299999999580905,0.0639999999984866,0.08699999999953434,0.08699999999953434,0.03200000000651926,0.08800000000337604,0.15399999999499414,0.15699999999196734,0.39500000000407454,0.07899999999790452,0.09300000000803266,0.08699999999953434,0.09100000000034925,0.055000000007566996,0.0639999999984866,0.07100000001082662,0.1329999999870779,0.08800000000337604,0.14499999998952262
kuba-s,0.10099999999511056,0.08800000000337604,0.0,0.0639999999984866,0.07000000000698492,0.07100000001082662,0.024999999994179234,0.11099999998987187,0.16199999999662396,0.125,0.21600000000034925,0.07200000000011642,0.09300000000803266,0.09500000000116415,0.04099999999743886,0.06300000000919681,0.04799999999522697,0.07200000000011642,0.1279999999969732,0.07099999999627471,0.1849999999976717
kuba-s,0.09600000000500586,0.09500000000116415,0.04299999999057036,0.08400000000256114,0.05000000000291038,0.08000000000174623,0.0,0.09500000000116415,0.11999999999534339,0.09600000000500586,0.20299999999406282,0.07099999999627471,0.09100000000034925,0.08799999998882413,0.04700000000593718,0.07899999999790452,0.0590000000083819,0.10400000000663567,0.21600000000034925,0.08800000000337604,0.18299999998998828
kuba-s,0.07899999999790452,0.07899999999790452,0.04200000000128057,0.08500000000640284,0.0650000000023283,0.07099999999627471,0.0,0.10300000000279397,0.14299999999639113,0.11599999999452848,0.22000000000116415,0.07099999999627471,0.0650000000023283,0.09600000000500586,0.07000000000698492,0.0629999999946449,0.07899999999790452,0.07900000001245644,0.14299999999639113,0.08800000000337604,0.1409999999887077
kuba-s,0.10900000001129229,0.10299999998824205,0.0,0.07099999999627471,0.03500000000349246,0.09500000000116415,0.08800000000337604,0.11200000000826549,0.12099999999918509,0.125,0.1959999999962747,0.07100000001082662,0.09299999999348074,0.08799999998882413,0.07899999999790452,0.0629999999946449,0.07500000001164153,0.11100000000442378,0.40799999999580905,0.11199999999371357,0.27700000000186265
kuba-s,0.0629999999946449,0.09500000000116415,0.08000000000174623,0.069999999992433,0.05700000000069849,0.11000000000058208,0.0,0.1279999999969732,0.09700000000884756,0.1279999999969732,0.20900000000256114,0.09600000000500586,0.3139999999984866,0.05499999999301508,0.10199999999895226,0.09600000000500586,0.043000000005122274,0.07899999999790452,0.14699999999720603,0.08699999999953434,0.3319999999948777
kuba-s,0.08699999999953434,0.09600000000500586,0.033999999999650754,0.07099999999627471,0.07300000000395812,0.07700000000477303,0.0,0.10300000000279397,0.10899999999674037,0.14800000000104774,0.14999999999417923,0.10199999999895226,0.02599999999802094,0.09300000000803266,0.0,0.04000000000814907,0.053999999989173375,0.05499999999301508,0.21199999999953434,0.10299999998824205,0.2490000000107102
kuba-s,0.03900000000430737,0.07100000001082662,0.04799999999522697,0.07000000000698492,0.09199999998963904,0.10300000000279397,-0.017000000007101335,0.10399999999208376,0.08500000000640284,0.11800000000221189,0.16300000000046566,0.07800000000861473,0.029999999998835847,0.07599999998637941,0.0,0.07099999999627471,0.06600000000617001,0.07899999999790452,0.1270000000076834,0.08699999999953434,0.15399999999499414
kuba-s,0.08800000000337604,0.07900000001245644,0.05099999999220017,0.08500000000640284,0.08099999999103602,0.08699999999953434,0.0,0.10300000000279397,0.11599999999452848,0.1239999999961583,0.16199999999662396,0.07899999999790452,0.0650000000023283,0.10199999999895226,-0.017999999996391125,0.05499999999301508,0.0580000000045402,0.13599999999860302,0.19200000001001172,0.07899999999790452,0.15699999999196734
kuba-s,0.10100000000966247,0.07899999999790452,0.0,0.0639999999984866,0.08299999999871943,0.08800000000337604,0.0610000000015134,0.09500000000116415,0.1409999999887077,0.10199999999895226,0.2459999999991851,0.10000000000582077,0.08900000000721775,0.09499999998661224,0.0,0.07099999999627471,0.04400000000896398,0.046999999991385266,0.14600000000791624,0.11200000000826549,0.3179999999993015
kuba-s,0.07200000000011642,0.07899999999790452,0.05199999999604188,0.07100000001082662,0.05099999999220017,0.1190000000060536,0.03199999999196734,0.07899999999790452,0.41499999999359716,0.1190000000060536,0.22100000000500586,0.0629999999946449,0.0,0.08799999998882413,0.021000000007916242,0.055999999996856786,0.036000000007334165,0.0629999999946449,0.13599999999860302,0.08699999999953434,0.21300000000337604
karol,0.08699999999953434,0.09500000000116415,0.22100000000500586,0.069999999992433,-0.021999999997206032,0.11100000000442378,0.07499999999708962,0.06300000000919681,0.797999999995227,0.08800000000337604,0.3319999999948777,0.08699999999953434,0.5800000000017462,0.08000000000174623,0.04099999999743886,0.0629999999946449,0.5010000000038417,0.10400000000663567,0.069999999992433,0.1270000000076834,0.5629999999946449
karol,0.13500000000931323,0.069999999992433,0.0,0.09599999999045394,0.08600000001024455,0.11100000000442378,0.04200000000128057,0.09500000000116415,0.5350000000034925,0.08000000000174623,0.5249999999941792,0.08699999999953434,0.23299999999289867,0.08799999998882413,0.033000000010360964,0.09500000000116415,0.39900000000488944,0.11100000000442378,0.08899999999266583,0.11100000000442378,0.1220000000030268
karol,0.07099999999627471,0.11200000000826549,0.21399999999266583,0.08800000000337604,0.04099999999743886,0.08699999999953434,0.1809999999968568,0.11899999999150168,0.7210000000050059,0.08700000001408625,0.9799999999959255,0.07900000001245644,0.22399999998742715,0.09600000000500586,0.3109999999869615,0.10399999999208376,0.35000000000582077,0.10400000000663567,0.14100000000325963,0.11999999999534339,0.8669999999983702
karol,0.07099999999627471,0.09599999999045394,0.12400000001071021,0.0629999999946449,0.01600000000325963,0.08699999999953434,0.08100000000558794,0.09500000000116415,0.3040000000037253,0.11999999999534339,0.4429999999993015,0.11899999999150168,0.16000000000349246,0.08400000000256114,0.0,0.11200000000826549,0.07099999999627471,0.11200000000826549,0.05099999999220017,0.1190000000060536,0.8019999999960419
karol,0.11999999999534339,0.09600000000500586,0.10300000000279397,0.07900000001245644,0.015999999988707714,0.1269999999931315,0.3739999999961583,0.09600000000500586,0.1900000000023283,0.08699999999953434,0.5629999999946449,0.07099999999627471,0.2970000000059372,0.09500000000116415,0.11999999999534339,0.09600000000500586,0.46400000000721775,0.1279999999969732,0.07899999999790452,0.1269999999931315,0.09600000000500586
karol,0.10299999998824205,0.08000000000174623,0.4860000000044238,0.08699999999953434,0.0,0.08699999999953434,0.20100000000093132,0.08800000000337604,0.6100000000005821,0.08800000000337604,0.9969999999884749,0.07899999999790452,0.27500000000873115,0.14400000000023283,0.10799999999289867,0.10400000000663567,0.05000000000291038,0.10399999999208376,0.09100000000034925,0.16800000000512227,0.1279999999969732
karol,0.07899999999790452,0.10199999999895226,0.15399999999499414,0.05700000000069849,0.0,0.11100000000442378,0.10000000000582077,0.07099999999627471,0.3879999999917345,0.08699999999953434,0.8470000000088476,0.11500000000523869,0.5059999999939464,0.08800000000337604,0.0,0.11200000000826549,0.22899999999208376,0.09500000000116415,0.16199999999662396,0.10299999998824205,10.648000000001048
karol,0.08800000000337604,0.08699999999953434,0.1279999999969732,0.08699999999953434,0.046000000002095476,0.15200000000186265,0.04799999999522697,0.09500000000116415,0.9009999999980209,0.09500000000116415,0.8070000000006985,0.08699999999953434,0.23299999999289867,0.09699999999429565,0.043000000005122274,0.11200000000826549,0.7090000000025611,0.1279999999969732,0.10499999999592546,0.16799999999057036,1.0010000000038417
karol,0.10300000000279397,0.09600000000500586,0.09299999999348074,0.07899999999790452,0.03299999999580905,0.10400000000663567,0.04099999999743886,0.08699999999953434,0.8680000000022119,0.09500000000116415,0.2509999999892898,0.10799999999289867,0.6120000000082655,0.09500000000116415,0.0,0.1269999999931315,0.2560000000084983,0.1200000000098953,0.08199999999487773,0.14299999999639113,0.7320000000036089
karol,0.08800000000337604,0.09500000000116415,0.13599999999860302,0.09500000000116415,0.0650000000023283,0.09500000000116415,0.16499999999359716,0.08699999999953434,0.2580000000016298,0.09600000000500586,0.9480000000039581,0.09600000000500586,0.5629999999946449,0.08699999999953434,0.053999999989173375,0.10299999998824205,0.06400000001303852,0.1269999999931315,0.11200000000826549,0.1269999999931315,0.7100000000064028
karol,0.08799999998882413,0.11100000000442378,0.16400000000430737,0.07099999999627471,0.0,0.11100000000442378,0.21199999999953434,0.11199999999371357,0.5570000000006985,0.10800000000745058,0.55899999999383,0.11599999999452848,0.14500000000407454,0.08699999999953434,0.0,0.07099999999627471,0.5270000000018626,0.09500000000116415,0.10400000000663567,0.16800000000512227,0.536999999996624
karol,0.07099999999627471,0.10300000000279397,0.15600000000267755,0.08699999999953434,0.017999999996391125,0.1349999999947613,0.06900000000314321,0.10400000000663567,0.6929999999993015,0.14900000000488944,0.6089999999967404,0.08699999999953434,0.22099999999045394,0.10400000000663567,0.09600000000500586,0.08800000000337604,0.1269999999931315,0.11999999999534339,0.2400000000052387,0.15899999999965075,0.2550000000046566
karol,0.09599999999045394,0.11999999999534339,0.10900000001129229,0.09500000000116415,0.0,0.1279999999969732,0.05000000000291038,0.10400000000663567,1.1019999999989523,0.08699999999953434,0.68399999999383,0.07899999999790452,0.15300000000570435,0.09600000000500586,0.020999999993364327,0.08699999999953434,0.5230000000010477,0.10399999999208376,0.06900000000314321,0.14299999999639113,0.17500000000291038
karol,0.07099999999627471,0.09599999999045394,0.16500000000814907,0.08800000000337604,0.024000000004889444,0.14400000000023283,0.033999999999650754,0.09600000000500586,0.8249999999970896,0.09500000000116415,0.819999999992433,0.07099999999627471,0.180000000007567,0.10399999999208376,0.03800000000046566,0.1190000000060536,0.5010000000038417,0.09500000000116415,0.07499999999708962,0.16000000000349246,0.20799999999871943
karol,0.08000000000174623,0.10300000000279397,0.1299999999901047,0.08699999999953434,0.01900000000023283,0.11200000000826549,0.04899999999906868,0.06300000000919681,0.5879999999888241,0.10400000000663567,0.27799999999115244,0.09500000000116415,0.1860000000015134,0.09600000000500586,0.06199999999080319,0.03900000000430737,0.13999999999941792,0.1349999999947613,0.3209999999962747,0.15200000000186265,0.1880000000091968
karol,0.07899999999790452,0.10300000000279397,0.13599999999860302,0.07899999999790452,0.029999999998835847,0.10299999998824205,0.05100000000675209,0.10399999999208376,0.45300000000861473,0.11100000000442378,0.3650000000052387,0.09600000000500586,0.14999999999417923,0.08800000000337604,0.033999999999650754,0.10399999999208376,0.059999999997671694,0.11200000000826549,0.11400000000139698,0.17500000000291038,0.15999999998894054
karol,0.10300000000279397,0.14299999999639113,0.14400000000023283,0.08800000000337604,0.0,0.1269999999931315,0.046000000002095476,0.09600000000500586,0.34600000000500586,0.11599999999452848,0.5519999999960419,0.1239999999961583,0.1300000000046566,0.07899999999790452,0.0,0.11100000000442378,0.07300000000395812,0.1279999999969732,0.07200000000011642,0.16000000000349246,0.1269999999931315
karol,0.07099999999627471,0.11199999999371357,0.17799999999988358,0.07900000001245644,0.0,0.11199999999371357,0.05700000000069849,0.09500000000116415,0.41899999999441206,0.08800000000337604,0.41000000000349246,0.08699999999953434,0.1290000000008149,0.08699999999953434,0.046999999991385266,0.11200000000826549,0.046000000002095476,0.11999999999534339,0.2449999999953434,0.18399999999383,0.13900000001012813
karol,0.10299999998824205,0.10300000000279397,0.23500000000058208,0.07200000000011642,0.0,0.08000000000174623,0.21899999999732245,0.11199999999371357,0.555000000007567,0.09599999999045394,0.6840000000083819,0.08699999999953434,0.13999999999941792,0.08799999998882413,0.021000000007916242,0.1349999999947613,0.043000000005122274,0.1269999999931315,0.07800000000861473,0.16800000000512227,0.13300000000162981
karol,0.09500000000116415,0.1190000000060536,0.08499999999185093,0.07899999999790452,0.0,0.1279999999969732,0.05400000000372529,0.07899999999790452,0.7119999999995343,0.11100000000442378,0.3619999999937136,0.10399999999208376,0.2520000000076834,0.09600000000500586,0.023000000001047738,0.08699999999953434,0.5819999999948777,0.11199999999371357,0.08200000000942964,0.14400000000023283,0.1260000000038417
kuba-t,0.10399999999208376,0.08000000000174623,0.1290000000008149,0.07899999999790452,0.01600000000325963,0.11999999999534339,0.0639999999984866,0.0629999999946449,0.6310000000084983,0.10800000000745058,0.4909999999945285,0.07099999999627471,0.020000000004074536,0.10400000000663567,0.1879999999946449,0.03899999998975545,0.0,0.07899999999790452,0.13400000000547152,0.11100000000442378,0.40200000000186265
kuba-t,0.08800000000337604,0.06300000000919681,0.15099999999802094,0.07099999999627471,0.043999999994412065,0.09600000000500586,0.06900000000314321,0.08800000000337604,1.3289999999979045,0.09500000000116415,1.025999999998021,0.055000000007566996,0.05899999999382999,0.11299999999755528,0.11299999999755528,0.055000000007566996,0.0,0.08699999999953434,0.10899999999674037,0.055000000007566996,0.5819999999948777
kuba-t,0.07899999999790452,0.08699999999953434,0.21099999999569263,0.07200000000011642,0.01600000000325963,0.08000000000174623,0.07200000000011642,0.07900000001245644,0.7399999999906868,0.10300000000279397,0.41499999999359716,0.0629999999946449,0.0650000000023283,0.07899999999790452,0.16599999999743886,0.046999999991385266,0.04100000001199078,0.08800000000337604,0.11400000000139698,0.09599999999045394,0.3260000000009313
kuba-t,0.08800000000337604,0.07100000001082662,0.1939999999885913,0.08800000000337604,0.04499999999825377,0.10399999999208376,0.0629999999946449,0.07099999999627471,0.7290000000066357,0.11000000000058208,0.3260000000009313,0.08800000000337604,0.07499999999708962,0.09399999999732245,0.15099999999802094,0.04100000001199078,0.0,0.07899999999790452,0.1379999999917345,0.09499999998661224,0.32500000001164153
kuba-t,0.08000000000174623,0.07099999999627471,0.13700000000244472,0.08000000000174623,0.043000000005122274,0.08699999999953434,0.03599999999278225,0.08800000000337604,0.4879999999975553,0.10000000000582077,0.5190000000002328,0.07899999999790452,0.06900000000314321,0.07100000001082662,0.17499999998835847,0.046999999991385266,0.02599999999802094,0.07200000000011642,0.11000000000058208,0.08699999999953434,0.3130000000091968
kuba-t,0.08800000000337604,0.055000000007566996,0.16499999999359716,0.07899999999790452,0.06799999999930151,0.09599999999045394,0.03500000000349246,0.0629999999946449,0.38900000001012813,0.08400000000256114,0.35099999999511056,0.0629999999946449,0.09600000000500586,0.0639999999984866,0.14900000000488944,0.03899999998975545,0.024000000004889444,0.08800000000337604,0.1290000000008149,0.06300000000919681,1.3469999999942956
kuba-t,0.10399999999208376,0.07899999999790452,0.1270000000076834,0.08000000000174623,0.033999999999650754,0.11099999998987187,0.0650000000023283,0.05499999999301508,0.27500000000873115,0.07899999999790452,0.34400000001187436,0.0629999999946449,0.07200000000011642,0.10299999998824205,0.13800000000628643,0.04599999998754356,-0.04599999998754356,0.08699999999953434,0.125,0.11999999999534339,0.5280000000057044
kuba-t,0.08000000000174623,0.055000000007566996,0.16599999999743886,0.07099999999627471,0.029999999998835847,0.08800000000337604,0.10599999999976717,0.07099999999627471,0.3150000000023283,0.08000000000174623,0.47400000000197906,0.06300000000919681,0.03199999999196734,0.10299999998824205,0.16300000000046566,0.046000000002095476,-0.020999999993364327,0.07899999999790452,0.1319999999977881,0.08800000000337604,0.5080000000016298
kuba-t,0.08000000000174623,0.05499999999301508,0.14800000000104774,0.07899999999790452,0.017000000007101335,0.07899999999790452,0.11599999999452848,0.05499999999301508,0.2440000000060536,0.09399999999732245,0.41400000000430737,0.0639999999984866,0.0,0.11100000000442378,0.15300000000570435,0.046000000002095476,-0.029000000009546056,0.07100000001082662,0.10599999999976717,0.08800000000337604,0.2629999999917345
kuba-t,0.09599999999045394,0.0629999999946449,0.1220000000030268,0.07899999999790452,0.02800000000570435,0.07899999999790452,0.05700000000069849,0.07099999999627471,0.3899999999994179,0.11000000000058208,0.5350000000034925,0.04000000000814907,0.0,0.10499999999592546,0.5549999999930151,0.055000000007566996,0.0,0.07200000000011642,0.12299999999231659,0.07099999999627471,0.26600000000325963
kuba-t,0.07100000001082662,0.03900000000430737,0.24299999998765998,0.0629999999946449,0.01600000000325963,0.0629999999946449,0.4450000000069849,0.0639999999984866,0.16999999999825377,0.10000000000582077,0.4180000000051223,0.055000000007566996,0.03999999999359716,0.08800000000337604,0.16199999999662396,0.03999999999359716,0.0,0.07200000000011642,0.11199999999371357,0.08800000000337604,0.2480000000068685
kuba-t,0.06300000000919681,0.0629999999946449,0.11699999999837019,0.0629999999946449,0.03500000000349246,0.10399999999208376,0.13600000001315493,0.0629999999946449,0.5339999999996508,0.1259999999892898,0.2530000000115251,0.0629999999946449,0.021000000007916242,0.08799999998882413,0.1200000000098953,0.04000000000814907,0.0,0.07200000000011642,0.10399999999208376,0.0639999999984866,0.7330000000074506
kuba-t,0.07899999999790452,0.04700000000593718,0.22999999999592546,0.07099999999627471,0.017999999996391125,0.0629999999946449,0.13600000001315493,0.055000000007566996,0.1919999999954598,0.07600000000093132,0.35599999999976717,0.06400000001303852,0.030999999988125637,0.10399999999208376,0.10199999999895226,0.03900000000430737,0.0,0.07899999999790452,0.10599999999976717,0.07099999999627471,0.21300000000337604
kuba-t,0.09600000000500586,0.055000000007566996,0.09999999999126885,0.07099999999627471,0.05700000000069849,0.11200000000826549,0.036999999996623956,0.0639999999984866,0.21499999999650754,0.07800000000861473,0.34299999999348074,0.0639999999984866,0.024000000004889444,0.08699999999953434,0.1279999999969732,0.05499999999301508,-0.021999999997206032,0.07999999998719431,0.1160000000090804,0.08800000000337604,0.3179999999993015
kuba-t,0.07100000001082662,0.05499999999301508,0.16499999999359716,0.0629999999946449,0.04100000001199078,0.10399999999208376,0.07000000000698492,0.0639999999984866,0.35300000000279397,0.10800000000745058,0.2989999999990687,0.04700000000593718,0.05899999999382999,0.055000000007566996,0.1259999999892898,0.04700000000593718,0.01699999999254942,0.07899999999790452,0.11199999999371357,0.07099999999627471,0.27600000001257285
kuba-t,0.07099999999627471,0.055000000007566996,0.15699999999196734,0.055999999996856786,0.04799999999522697,0.07899999999790452,0.0590000000083819,0.04700000000593718,0.260999999998603,0.07800000000861473,0.3349999999918509,0.0629999999946449,0.06799999999930151,0.07200000000011642,0.09200000000419095,0.0629999999946449,0.02599999999802094,0.07900000001245644,0.09799999999813735,0.08799999998882413,0.2989999999990687
kuba-t,0.07099999999627471,0.04700000000593718,0.16700000000128057,0.07200000000011642,0.04899999999906868,0.08699999999953434,0.11999999999534339,0.03900000000430737,0.3709999999991851,0.09200000000419095,0.330999999991036,0.0639999999984866,0.01900000000023283,0.08100000000558794,0.1220000000030268,0.05499999999301508,0.0,0.08699999999953434,0.11999999999534339,0.08699999999953434,0.2900000000081491
kuba-t,0.07200000000011642,0.055000000007566996,0.16700000000128057,0.07899999999790452,0.05000000000291038,0.09500000000116415,0.024999999994179234,0.07099999999627471,0.33100000000558794,0.07600000000093132,0.3809999999939464,0.0629999999946449,0.036000000007334165,0.07800000000861473,0.11599999999452848,0.03299999999580905,0.0,0.07900000001245644,0.1279999999969732,0.07899999999790452,0.35299999998824205
kuba-t,0.08699999999953434,0.0639999999984866,0.14200000000710133,0.05499999999301508,0.031000000002677552,0.06300000000919681,0.07899999999790452,0.07100000001082662,0.41399999998975545,0.1319999999977881,0.4569999999948777,0.0629999999946449,0.1230000000068685,0.0629999999946449,0.2989999999990687,0.07200000000011642,0.5130000000062864,0.08699999999953434,0.11199999999371357,0.07899999999790452,0.2530000000115251
kuba-t,0.08000000000174623,0.05499999999301508,0.14100000000325963,0.07899999999790452,0.031000000002677552,0.08000000000174623,0.04200000000128057,0.055000000007566996,0.16199999999662396,0.11800000000221189,0.29599999998754356,0.06300000000919681,0.04099999999743886,0.10400000000663567,0.10899999999674037,0.03899999998975545,0.0,0.08699999999953434,0.12099999999918509,0.07899999999790452,0.28200000000651926
